commit_id,commit_time,commit_message,author
1d866b3,2023-03-18 10:15:22,add unit tests,pzaitsev
fb79878,2023-03-18 22:27:14,improve user experience,dsmisnov
dae6986,2023-03-18 07:09:29,fix bug,dsmisnov
869aaf7,2023-03-18 07:26:24,refactor code,dsmisnov
10686da,2023-03-18 17:35:44,update dependencies,knikolaeva
8f63aaf,2023-03-18 00:22:35,fix bug in module,knikolaeva
2e90891,2023-03-18 08:45:28,refactor code,knikolaeva
e8841d9,2023-03-18 14:06:29,update documentation,dsmisnov
7356117,2023-03-18 16:30:09,optimize performance,okozlova
7fe4bf3,2023-03-18 09:50:50,add feature,abelov
ea43d2f,2023-03-18 12:22:44,add feature,lvasiliev
65476ca,2023-03-18 00:51:59,optimize performance,ekuznetsova
1c744fb,2023-03-18 09:32:46,fix bugs,ekuznetsova
e287288,2023-03-18 11:04:04,add feature,okozlova
014b0a7,2023-03-18 07:45:52,add feature,dsmisnov
8652a87,2023-03-18 17:50:20,improve user experience,ekuznetsova
a426484,2023-03-18 16:31:58,fix bugs,ekuznetsova
8d1b84e,2023-03-18 00:31:17,fix bug in module,dsmisnov
9243d16,2023-03-18 21:51:27,update dependencies,pzaitsev
37bd88b,2023-03-18 15:02:41,refactor code,pzaitsev
8095a33,2023-03-18 16:23:04,optimize performance,nsokolov
f3678a1,2023-03-18 19:49:46,fix issue,pzaitsev
217f571,2023-03-18 07:02:49,fix bugs,ekuznetsova
d97a9b2,2023-03-18 01:56:44,fix bug,knikolaeva
fbc1075,2023-03-18 19:34:58,fix bug in module,knikolaeva
160d58c,2023-03-18 16:15:28,fix issue,pzaitsev
54cac73,2023-03-18 14:26:31,add feature,lvasiliev
1c57f4d,2023-03-18 10:36:38,update dependencies,lvasiliev
8038abf,2023-03-18 00:42:16,refactor code,knikolaeva
6e510aa,2023-03-18 23:13:35,fix issue,okozlova
